{"loss": [0.5217, 0.3301, 0.2791, 0.2438, 0.2196, 0.2043, 0.1868, 0.1808, 0.1757485717535019, 0.16531656682491302, 0.16086439788341522, 0.15845537185668945, 0.14475521445274353, 0.14467072486877441, 0.14026060700416565, 0.1379, 0.1353, 0.0, 0.1311], "val_loss": [0.3931, 0.3384, 0.2803, 0.2543, 0.2241, 0.2106, 0.2066, 0.179, 0.21136948466300964, 0.16847513616085052, 0.1748064160346985, 0.16484872996807098, 0.15491865575313568, 0.1827939748764038, 0.15777568519115448, 0.2089, 0.1544, 0.146, 0.145]}